<?xml version="1.0" encoding="UTF-8"?>
<launch4jConfig>
  <dontWrapJar>false</dontWrapJar>
  <headerType>gui</headerType>
  <jar>C:\Users\aymer\Desktop\EnhancedInstaller\Files\EnhancedInstaller.jar</jar>
  <outfile>C:\Users\aymer\Desktop\EnhancedInstaller\EnhancedInstaller_cop.exe</outfile>
  <errTitle>You haven&apos;t java !</errTitle>
  <cmdLine>--exe</cmdLine>
  <chdir>.</chdir>
  <priority>normal</priority>
  <downloadUrl>http://java.com/download</downloadUrl>
  <supportUrl></supportUrl>
  <stayAlive>false</stayAlive>
  <restartOnCrash>false</restartOnCrash>
  <manifest></manifest>
  <icon></icon>
  <jre>
    <path></path>
    <bundledJre64Bit>false</bundledJre64Bit>
    <bundledJreAsFallback>false</bundledJreAsFallback>
    <minVersion>1.4.0_00</minVersion>
    <maxVersion></maxVersion>
    <jdkPreference>preferJre</jdkPreference>
    <runtimeBits>64/32</runtimeBits>
  </jre>
  <versionInfo>
    <fileVersion>2.7.7.2</fileVersion>
    <txtFileVersion>2.7.7 BETA</txtFileVersion>
    <fileDescription>An installer for customize your Minecraft with mods</fileDescription>
    <copyright>2015 LordPhantom</copyright>
    <productVersion>2.7.7.2</productVersion>
    <txtProductVersion>2.7.7 BETA</txtProductVersion>
    <productName>EnhancedInstaller</productName>
    <companyName>LordPhantomUniverse</companyName>
    <internalName>EnhancedInstaller</internalName>
    <originalFilename>EnhancedInstaller.exe</originalFilename>
  </versionInfo>
  <messages>
    <startupErr>An error occurred while starting the application.</startupErr>
    <bundledJreErr>This application was configured to use a bundled Java Runtime Environment but the runtime is missing or corrupted.</bundledJreErr>
    <jreVersionErr>This application requires a Java Runtime Environment</jreVersionErr>
    <launcherErr>The registry refers to a nonexistent Java Runtime Environment installation or the runtime is corrupted.</launcherErr>
    <instanceAlreadyExistsMsg>An application instance is already running.</instanceAlreadyExistsMsg>
  </messages>
</launch4jConfig>