<?xml version="1.0" encoding="UTF-8"?>
<launch4jConfig>
  <dontWrapJar>false</dontWrapJar>
  <headerType>gui</headerType>
  <jar>C:\Users\Aymeric\Desktop\EnhancedInstaller\Files\RailwayRDV.jar</jar>
  <outfile>C:\Users\Aymeric\Desktop\EnhancedInstaller\RailwayRDV.exe</outfile>
  <errTitle>Erreur inconnue</errTitle>
  <cmdLine></cmdLine>
  <chdir>.</chdir>
  <priority>normal</priority>
  <downloadUrl>http://java.com/download</downloadUrl>
  <supportUrl></supportUrl>
  <stayAlive>false</stayAlive>
  <restartOnCrash>false</restartOnCrash>
  <manifest></manifest>
  <icon></icon>
  <jre>
    <path></path>
    <bundledJre64Bit>false</bundledJre64Bit>
    <bundledJreAsFallback>false</bundledJreAsFallback>
    <minVersion>1.4.0_00</minVersion>
    <maxVersion></maxVersion>
    <jdkPreference>preferJre</jdkPreference>
    <runtimeBits>64/32</runtimeBits>
  </jre>
  <versionInfo>
    <fileVersion>1.4.0.1</fileVersion>
    <txtFileVersion>1.4.0.BETA</txtFileVersion>
    <fileDescription>Un calculateur de point de rencontre ferroviaire</fileDescription>
    <copyright>Copyright 2016 LordPhantom</copyright>
    <productVersion>1.4.0.1</productVersion>
    <txtProductVersion>1.4.0.BETA</txtProductVersion>
    <productName>Un rendez-vous ferroviaire</productName>
    <companyName>LordPhantom Productions</companyName>
    <internalName>RailwayRDV</internalName>
    <originalFilename>RailwayRDV.exe</originalFilename>
  </versionInfo>
</launch4jConfig>